Id,Pred
2016_1112_1114,9.23E-01
2016_1112_1122,9.27E-01
2016_1112_1124,7.21E-01
2016_1112_1138,9.17E-01
2016_1112_1139,6.81E-01
2016_1112_1143,7.91E-01
2016_1112_1151,8.66E-01
2016_1112_1153,6.19E-01
2016_1112_1160,8.45E-01
2016_1112_1163,6.12E-01
2016_1112_1167,7.94E-01
2016_1112_1173,5.63E-01
2016_1112_1181,4.79E-01
2016_1112_1192,9.13E-01
2016_1112_1195,9.17E-01
2016_1112_1201,9.08E-01
2016_1112_1211,6.75E-01
2016_1112_1214,8.85E-01
2016_1112_1218,7.76E-01
2016_1112_1221,9.19E-01
2016_1112_1231,6.47E-01
2016_1112_1233,8.94E-01
2016_1112_1234,4.03E-01
2016_1112_1235,4.49E-01
2016_1112_1242,2.56E-01
2016_1112_1246,3.96E-01
2016_1112_1268,3.57E-01
2016_1112_1274,3.92E-01
2016_1112_1276,6.60E-01
2016_1112_1277,4.28E-01
2016_1112_1292,9.04E-01
2016_1112_1314,4.49E-01
2016_1112_1320,8.36E-01
2016_1112_1323,5.97E-01
2016_1112_1328,2.60E-01
2016_1112_1332,4.19E-01
2016_1112_1333,8.46E-01
2016_1112_1338,8.18E-01
2016_1112_1344,7.87E-01
2016_1112_1345,5.37E-01
2016_1112_1355,8.95E-01
2016_1112_1371,7.19E-01
2016_1112_1372,8.46E-01
2016_1112_1380,9.09E-01
2016_1112_1386,4.81E-01
2016_1112_1392,7.01E-01
2016_1112_1393,7.23E-01
2016_1112_1396,7.85E-01
2016_1112_1400,6.90E-01
2016_1112_1401,6.72E-01
2016_1112_1403,7.80E-01
2016_1112_1409,7.83E-01
2016_1112_1421,9.09E-01
2016_1112_1423,8.59E-01
2016_1112_1425,5.34E-01
2016_1112_1428,6.98E-01
2016_1112_1433,6.97E-01
2016_1112_1435,6.18E-01
2016_1112_1437,3.01E-01
2016_1112_1438,5.13E-01
2016_1112_1451,8.97E-01
2016_1112_1452,5.43E-01
2016_1112_1453,9.07E-01
2016_1112_1455,5.94E-01
2016_1112_1458,7.45E-01
2016_1112_1462,3.67E-01
2016_1112_1463,7.89E-01
2016_1114_1122,6.62E-01
2016_1114_1124,1.03E-01
2016_1114_1138,1.65E-01
2016_1114_1139,1.03E-01
2016_1114_1143,8.51E-02
2016_1114_1151,9.64E-02
2016_1114_1153,9.22E-02
2016_1114_1160,8.92E-02
2016_1114_1163,9.51E-02
2016_1114_1167,1.07E-01
2016_1114_1173,8.50E-02
2016_1114_1181,9.86E-02
2016_1114_1192,7.46E-01
2016_1114_1195,2.62E-01
2016_1114_1201,9.79E-02
2016_1114_1211,8.43E-02
2016_1114_1214,3.78E-01
2016_1114_1218,1.12E-01
2016_1114_1221,8.47E-01
2016_1114_1231,8.60E-02
2016_1114_1233,1.13E-01
2016_1114_1234,8.88E-02
2016_1114_1235,9.17E-02
2016_1114_1242,8.37E-02
2016_1114_1246,8.76E-02
2016_1114_1268,8.77E-02
2016_1114_1274,9.62E-02
2016_1114_1276,1.05E-01
2016_1114_1277,8.10E-02
2016_1114_1292,9.42E-02
2016_1114_1314,8.28E-02
2016_1114_1320,1.32E-01
2016_1114_1323,1.24E-01
2016_1114_1328,8.38E-02
2016_1114_1332,9.39E-02
2016_1114_1333,1.01E-01
2016_1114_1338,1.12E-01
2016_1114_1344,9.69E-02
2016_1114_1345,8.23E-02
2016_1114_1355,9.50E-02
2016_1114_1371,9.45E-02
2016_1114_1372,9.90E-02
2016_1114_1380,2.87E-01
2016_1114_1386,8.15E-02
2016_1114_1392,8.58E-02
2016_1114_1393,1.15E-01
2016_1114_1396,9.92E-02
2016_1114_1400,1.08E-01
2016_1114_1401,9.33E-02
2016_1114_1403,1.12E-01
2016_1114_1409,1.09E-01
2016_1114_1421,1.58E-01
2016_1114_1423,8.61E-02
2016_1114_1425,8.58E-02
2016_1114_1428,9.23E-02
2016_1114_1433,8.87E-02
2016_1114_1435,9.64E-02
2016_1114_1437,9.30E-02
2016_1114_1438,1.19E-01
2016_1114_1451,1.28E-01
2016_1114_1452,9.24E-02
2016_1114_1453,1.11E-01
2016_1114_1455,9.48E-02
2016_1114_1458,1.18E-01
2016_1114_1462,8.48E-02
2016_1114_1463,1.02E-01
2016_1122_1124,1.11E-01
2016_1122_1138,1.60E-01
2016_1122_1139,1.08E-01
2016_1122_1143,8.85E-02
2016_1122_1151,1.01E-01
2016_1122_1153,1.09E-01
2016_1122_1160,9.95E-02
2016_1122_1163,1.16E-01
2016_1122_1167,1.17E-01
2016_1122_1173,8.74E-02
2016_1122_1181,1.07E-01
2016_1122_1192,7.56E-01
2016_1122_1195,3.20E-01
2016_1122_1201,1.10E-01
2016_1122_1211,9.63E-02
2016_1122_1214,4.17E-01
2016_1122_1218,1.34E-01
2016_1122_1221,8.19E-01
2016_1122_1231,1.00E-01
2016_1122_1233,1.50E-01
2016_1122_1234,1.05E-01
2016_1122_1235,1.01E-01
2016_1122_1242,9.39E-02
2016_1122_1246,9.14E-02
2016_1122_1268,9.77E-02
2016_1122_1274,1.01E-01
2016_1122_1276,1.07E-01
2016_1122_1277,9.28E-02
2016_1122_1292,1.15E-01
2016_1122_1314,9.45E-02
2016_1122_1320,1.33E-01
2016_1122_1323,1.15E-01
2016_1122_1328,9.21E-02
2016_1122_1332,1.02E-01
2016_1122_1333,1.20E-01
2016_1122_1338,1.22E-01
2016_1122_1344,1.11E-01
2016_1122_1345,9.84E-02
2016_1122_1355,1.08E-01
2016_1122_1371,1.09E-01
2016_1122_1372,1.33E-01
2016_1122_1380,3.11E-01
2016_1122_1386,8.93E-02
2016_1122_1392,9.94E-02
2016_1122_1393,1.19E-01
2016_1122_1396,1.04E-01
2016_1122_1400,1.12E-01
2016_1122_1401,1.12E-01
2016_1122_1403,1.18E-01
2016_1122_1409,1.20E-01
2016_1122_1421,1.82E-01
2016_1122_1423,1.04E-01
2016_1122_1425,9.74E-02
2016_1122_1428,1.10E-01
2016_1122_1433,1.04E-01
2016_1122_1435,1.08E-01
2016_1122_1437,1.02E-01
2016_1122_1438,1.23E-01
2016_1122_1451,1.57E-01
2016_1122_1452,1.10E-01
2016_1122_1453,1.11E-01
2016_1122_1455,1.09E-01
2016_1122_1458,1.32E-01
2016_1122_1462,9.10E-02
2016_1122_1463,1.25E-01
2016_1124_1138,9.09E-01
2016_1124_1139,5.01E-01
2016_1124_1143,7.18E-01
2016_1124_1151,8.31E-01
2016_1124_1153,4.46E-01
2016_1124_1160,7.02E-01
2016_1124_1163,5.15E-01
2016_1124_1167,7.59E-01
2016_1124_1173,5.07E-01
2016_1124_1181,2.91E-01
2016_1124_1192,9.10E-01
2016_1124_1195,8.98E-01
2016_1124_1201,8.86E-01
2016_1124_1211,4.54E-01
2016_1124_1214,8.83E-01
2016_1124_1218,7.02E-01
2016_1124_1221,9.19E-01
2016_1124_1231,4.73E-01
2016_1124_1233,8.20E-01
2016_1124_1234,2.90E-01
2016_1124_1235,3.73E-01
2016_1124_1242,1.81E-01
2016_1124_1246,2.90E-01
2016_1124_1268,2.35E-01
2016_1124_1274,2.58E-01
2016_1124_1276,6.08E-01
2016_1124_1277,3.24E-01
2016_1124_1292,8.74E-01
2016_1124_1314,2.89E-01
2016_1124_1320,8.28E-01
2016_1124_1323,4.75E-01
2016_1124_1328,1.84E-01
2016_1124_1332,2.72E-01
2016_1124_1333,8.06E-01
2016_1124_1338,7.20E-01
2016_1124_1344,6.65E-01
2016_1124_1345,3.62E-01
2016_1124_1355,8.44E-01
2016_1124_1371,5.16E-01
2016_1124_1372,8.12E-01
2016_1124_1380,9.09E-01
2016_1124_1386,4.08E-01
2016_1124_1392,6.25E-01
2016_1124_1393,6.07E-01
2016_1124_1396,7.79E-01
2016_1124_1400,5.24E-01
2016_1124_1401,4.65E-01
2016_1124_1403,6.49E-01
2016_1124_1409,6.40E-01
2016_1124_1421,8.99E-01
2016_1124_1423,7.91E-01
2016_1124_1425,3.66E-01
2016_1124_1428,5.47E-01
2016_1124_1433,5.68E-01
2016_1124_1435,5.19E-01
2016_1124_1437,1.84E-01
2016_1124_1438,3.29E-01
2016_1124_1451,8.87E-01
2016_1124_1452,3.80E-01
2016_1124_1453,8.72E-01
2016_1124_1455,4.87E-01
2016_1124_1458,6.58E-01
2016_1124_1462,3.13E-01
2016_1124_1463,7.64E-01
2016_1138_1139,1.47E-01
2016_1138_1143,1.38E-01
2016_1138_1151,1.94E-01
2016_1138_1153,1.50E-01
2016_1138_1160,1.21E-01
2016_1138_1163,1.55E-01
2016_1138_1167,2.34E-01
2016_1138_1173,1.13E-01
2016_1138_1181,1.15E-01
2016_1138_1192,8.99E-01
2016_1138_1195,8.54E-01
2016_1138_1201,3.19E-01
2016_1138_1211,1.17E-01
2016_1138_1214,8.25E-01
2016_1138_1218,2.14E-01
2016_1138_1221,8.95E-01
2016_1138_1231,1.21E-01
2016_1138_1233,4.41E-01
2016_1138_1234,1.14E-01
2016_1138_1235,1.25E-01
2016_1138_1242,9.83E-02
2016_1138_1246,1.17E-01
2016_1138_1268,9.66E-02
2016_1138_1274,1.06E-01
2016_1138_1276,1.54E-01
2016_1138_1277,1.30E-01
2016_1138_1292,4.41E-01
2016_1138_1314,1.15E-01
2016_1138_1320,2.52E-01
2016_1138_1323,1.60E-01
2016_1138_1328,9.60E-02
2016_1138_1332,1.08E-01
2016_1138_1333,1.50E-01
2016_1138_1338,2.24E-01
2016_1138_1344,1.53E-01
2016_1138_1345,1.17E-01
2016_1138_1355,1.64E-01
2016_1138_1371,1.41E-01
2016_1138_1372,3.46E-01
2016_1138_1380,8.32E-01
2016_1138_1386,1.27E-01
2016_1138_1392,2.06E-01
2016_1138_1393,1.66E-01
2016_1138_1396,1.79E-01
2016_1138_1400,1.29E-01
2016_1138_1401,1.33E-01
2016_1138_1403,1.60E-01
2016_1138_1409,1.45E-01
2016_1138_1421,6.45E-01
2016_1138_1423,2.39E-01
2016_1138_1425,1.11E-01
2016_1138_1428,1.34E-01
2016_1138_1433,1.52E-01
2016_1138_1435,1.34E-01
2016_1138_1437,1.11E-01
2016_1138_1438,1.34E-01
2016_1138_1451,5.36E-01
2016_1138_1452,1.38E-01
2016_1138_1453,3.11E-01
2016_1138_1455,1.37E-01
2016_1138_1458,1.70E-01
2016_1138_1462,1.33E-01
2016_1138_1463,2.32E-01
2016_1139_1143,5.90E-01
2016_1139_1151,6.12E-01
2016_1139_1153,3.36E-01
2016_1139_1160,5.42E-01
2016_1139_1163,3.50E-01
2016_1139_1167,5.29E-01
2016_1139_1173,3.30E-01
2016_1139_1181,2.07E-01
2016_1139_1192,9.10E-01
2016_1139_1195,9.11E-01
2016_1139_1201,8.42E-01
2016_1139_1211,3.49E-01
2016_1139_1214,8.83E-01
2016_1139_1218,5.80E-01
2016_1139_1221,9.18E-01
2016_1139_1231,3.28E-01
2016_1139_1233,7.96E-01
2016_1139_1234,2.17E-01
2016_1139_1235,2.78E-01
2016_1139_1242,1.66E-01
2016_1139_1246,2.32E-01
2016_1139_1268,2.26E-01
2016_1139_1274,2.24E-01
2016_1139_1276,4.12E-01
2016_1139_1277,2.58E-01
2016_1139_1292,8.25E-01
2016_1139_1314,2.30E-01
2016_1139_1320,7.28E-01
2016_1139_1323,3.66E-01
2016_1139_1328,1.69E-01
2016_1139_1332,2.28E-01
2016_1139_1333,6.32E-01
2016_1139_1338,6.31E-01
2016_1139_1344,4.02E-01
2016_1139_1345,2.63E-01
2016_1139_1355,7.34E-01
2016_1139_1371,4.58E-01
2016_1139_1372,7.32E-01
2016_1139_1380,9.02E-01
2016_1139_1386,2.71E-01
2016_1139_1392,4.68E-01
2016_1139_1393,4.56E-01
2016_1139_1396,4.94E-01
2016_1139_1400,3.69E-01
2016_1139_1401,3.26E-01
2016_1139_1403,5.11E-01
2016_1139_1409,4.78E-01
2016_1139_1421,8.88E-01
2016_1139_1423,7.29E-01
2016_1139_1425,2.84E-01
2016_1139_1428,4.44E-01
2016_1139_1433,4.82E-01
2016_1139_1435,4.03E-01
2016_1139_1437,2.00E-01
2016_1139_1438,2.79E-01
2016_1139_1451,8.47E-01
2016_1139_1452,3.49E-01
2016_1139_1453,8.29E-01
2016_1139_1455,4.08E-01
2016_1139_1458,4.98E-01
2016_1139_1462,2.58E-01
2016_1139_1463,6.13E-01
2016_1143_1151,7.12E-01
2016_1143_1153,3.77E-01
2016_1143_1160,5.38E-01
2016_1143_1163,3.51E-01
2016_1143_1167,5.81E-01
2016_1143_1173,4.07E-01
2016_1143_1181,3.01E-01
2016_1143_1192,9.00E-01
2016_1143_1195,8.87E-01
2016_1143_1201,8.37E-01
2016_1143_1211,3.86E-01
2016_1143_1214,8.80E-01
2016_1143_1218,6.65E-01
2016_1143_1221,8.96E-01
2016_1143_1231,4.21E-01
2016_1143_1233,8.12E-01
2016_1143_1234,2.52E-01
2016_1143_1235,2.66E-01
2016_1143_1242,1.57E-01
2016_1143_1246,2.78E-01
2016_1143_1268,2.13E-01
2016_1143_1274,2.17E-01
2016_1143_1276,5.07E-01
2016_1143_1277,3.14E-01
2016_1143_1292,8.17E-01
2016_1143_1314,2.95E-01
2016_1143_1320,6.90E-01
2016_1143_1323,4.98E-01
2016_1143_1328,1.58E-01
2016_1143_1332,2.50E-01
2016_1143_1333,5.99E-01
2016_1143_1338,6.61E-01
2016_1143_1344,4.90E-01
2016_1143_1345,3.37E-01
2016_1143_1355,7.30E-01
2016_1143_1371,4.57E-01
2016_1143_1372,7.72E-01
2016_1143_1380,8.90E-01
2016_1143_1386,2.99E-01
2016_1143_1392,5.38E-01
2016_1143_1393,5.23E-01
2016_1143_1396,5.78E-01
2016_1143_1400,4.62E-01
2016_1143_1401,4.25E-01
2016_1143_1403,6.05E-01
2016_1143_1409,5.63E-01
2016_1143_1421,8.79E-01
2016_1143_1423,7.23E-01
2016_1143_1425,3.27E-01
2016_1143_1428,5.07E-01
2016_1143_1433,5.70E-01
2016_1143_1435,3.94E-01
2016_1143_1437,1.85E-01
2016_1143_1438,2.99E-01
2016_1143_1451,8.03E-01
2016_1143_1452,3.40E-01
2016_1143_1453,8.30E-01
2016_1143_1455,3.35E-01
2016_1143_1458,5.15E-01
2016_1143_1462,2.55E-01
2016_1143_1463,6.29E-01
2016_1151_1153,2.19E-01
2016_1151_1160,4.23E-01
2016_1151_1163,2.81E-01
2016_1151_1167,5.54E-01
2016_1151_1173,2.82E-01
2016_1151_1181,1.93E-01
2016_1151_1192,8.99E-01
2016_1151_1195,8.89E-01
2016_1151_1201,8.35E-01
2016_1151_1211,2.43E-01
2016_1151_1214,8.83E-01
2016_1151_1218,6.51E-01
2016_1151_1221,9.02E-01
2016_1151_1231,2.28E-01
2016_1151_1233,8.18E-01
2016_1151_1234,1.67E-01
2016_1151_1235,1.87E-01
2016_1151_1242,1.33E-01
2016_1151_1246,2.04E-01
2016_1151_1268,1.31E-01
2016_1151_1274,1.59E-01
2016_1151_1276,3.64E-01
2016_1151_1277,2.02E-01
2016_1151_1292,8.45E-01
2016_1151_1314,1.92E-01
2016_1151_1320,7.23E-01
2016_1151_1323,3.38E-01
2016_1151_1328,1.22E-01
2016_1151_1332,1.58E-01
2016_1151_1333,5.54E-01
2016_1151_1338,5.36E-01
2016_1151_1344,3.65E-01
2016_1151_1345,1.84E-01
2016_1151_1355,6.66E-01
2016_1151_1371,3.27E-01
2016_1151_1372,7.26E-01
2016_1151_1380,8.98E-01
2016_1151_1386,1.96E-01
2016_1151_1392,4.69E-01
2016_1151_1393,3.74E-01
2016_1151_1396,5.42E-01
2016_1151_1400,2.63E-01
2016_1151_1401,2.59E-01
2016_1151_1403,3.66E-01
2016_1151_1409,4.00E-01
2016_1151_1421,8.87E-01
2016_1151_1423,7.21E-01
2016_1151_1425,1.76E-01
2016_1151_1428,3.23E-01
2016_1151_1433,4.92E-01
2016_1151_1435,2.90E-01
2016_1151_1437,1.37E-01
2016_1151_1438,1.74E-01
2016_1151_1451,8.54E-01
2016_1151_1452,3.10E-01
2016_1151_1453,8.02E-01
2016_1151_1455,2.66E-01
2016_1151_1458,3.57E-01
2016_1151_1462,2.17E-01
2016_1151_1463,5.83E-01
2016_1153_1160,7.71E-01
2016_1153_1163,5.25E-01
2016_1153_1167,8.11E-01
2016_1153_1173,5.78E-01
2016_1153_1181,3.85E-01
2016_1153_1192,9.09E-01
2016_1153_1195,9.09E-01
2016_1153_1201,8.85E-01
2016_1153_1211,5.81E-01
2016_1153_1214,8.86E-01
2016_1153_1218,8.00E-01
2016_1153_1221,9.15E-01
2016_1153_1231,5.24E-01
2016_1153_1233,8.95E-01
2016_1153_1234,2.93E-01
2016_1153_1235,3.57E-01
2016_1153_1242,1.53E-01
2016_1153_1246,2.93E-01
2016_1153_1268,2.33E-01
2016_1153_1274,3.73E-01
2016_1153_1276,6.64E-01
2016_1153_1277,2.54E-01
2016_1153_1292,8.87E-01
2016_1153_1314,2.60E-01
2016_1153_1320,8.33E-01
2016_1153_1323,5.74E-01
2016_1153_1328,1.54E-01
2016_1153_1332,3.27E-01
2016_1153_1333,8.52E-01
2016_1153_1338,7.64E-01
2016_1153_1344,7.54E-01
2016_1153_1345,3.36E-01
2016_1153_1355,8.48E-01
2016_1153_1371,6.84E-01
2016_1153_1372,8.58E-01
2016_1153_1380,9.01E-01
2016_1153_1386,4.77E-01
2016_1153_1392,7.92E-01
2016_1153_1393,6.65E-01
2016_1153_1396,7.61E-01
2016_1153_1400,7.00E-01
2016_1153_1401,5.62E-01
2016_1153_1403,7.81E-01
2016_1153_1409,7.85E-01
2016_1153_1421,9.08E-01
2016_1153_1423,8.78E-01
2016_1153_1425,3.76E-01
2016_1153_1428,6.32E-01
2016_1153_1433,6.57E-01
2016_1153_1435,5.73E-01
2016_1153_1437,1.75E-01
2016_1153_1438,3.58E-01
2016_1153_1451,8.82E-01
2016_1153_1452,3.74E-01
2016_1153_1453,8.76E-01
2016_1153_1455,4.38E-01
2016_1153_1458,7.07E-01
2016_1153_1462,2.37E-01
2016_1153_1463,8.50E-01
2016_1160_1163,3.90E-01
2016_1160_1167,6.43E-01
2016_1160_1173,3.71E-01
2016_1160_1181,2.18E-01
2016_1160_1192,9.13E-01
2016_1160_1195,9.08E-01
2016_1160_1201,8.87E-01
2016_1160_1211,3.54E-01
2016_1160_1214,8.90E-01
2016_1160_1218,7.18E-01
2016_1160_1221,9.15E-01
2016_1160_1231,3.61E-01
2016_1160_1233,8.69E-01
2016_1160_1234,2.10E-01
2016_1160_1235,2.71E-01
2016_1160_1242,1.33E-01
2016_1160_1246,2.11E-01
2016_1160_1268,1.87E-01
2016_1160_1274,1.92E-01
2016_1160_1276,4.79E-01
2016_1160_1277,2.56E-01
2016_1160_1292,8.61E-01
2016_1160_1314,1.82E-01
2016_1160_1320,7.06E-01
2016_1160_1323,4.33E-01
2016_1160_1328,1.42E-01
2016_1160_1332,1.80E-01
2016_1160_1333,7.25E-01
2016_1160_1338,6.92E-01
2016_1160_1344,5.62E-01
2016_1160_1345,2.58E-01
2016_1160_1355,8.26E-01
2016_1160_1371,4.48E-01
2016_1160_1372,8.23E-01
2016_1160_1380,9.00E-01
2016_1160_1386,3.04E-01
2016_1160_1392,5.88E-01
2016_1160_1393,5.16E-01
2016_1160_1396,6.10E-01
2016_1160_1400,4.13E-01
2016_1160_1401,3.52E-01
2016_1160_1403,5.94E-01
2016_1160_1409,5.98E-01
2016_1160_1421,9.04E-01
2016_1160_1423,8.16E-01
2016_1160_1425,2.33E-01
2016_1160_1428,5.15E-01
2016_1160_1433,5.77E-01
2016_1160_1435,4.26E-01
2016_1160_1437,1.72E-01
2016_1160_1438,2.69E-01
2016_1160_1451,8.68E-01
2016_1160_1452,2.93E-01
2016_1160_1453,8.92E-01
2016_1160_1455,3.27E-01
2016_1160_1458,5.37E-01
2016_1160_1462,1.91E-01
2016_1160_1463,6.98E-01
2016_1163_1167,6.65E-01
2016_1163_1173,4.25E-01
2016_1163_1181,2.92E-01
2016_1163_1192,9.01E-01
2016_1163_1195,9.07E-01
2016_1163_1201,8.75E-01
2016_1163_1211,4.45E-01
2016_1163_1214,8.83E-01
2016_1163_1218,7.58E-01
2016_1163_1221,9.08E-01
2016_1163_1231,4.04E-01
2016_1163_1233,8.85E-01
2016_1163_1234,1.91E-01
2016_1163_1235,3.27E-01
2016_1163_1242,1.35E-01
2016_1163_1246,2.20E-01
2016_1163_1268,1.83E-01
2016_1163_1274,2.42E-01
2016_1163_1276,5.65E-01
2016_1163_1277,2.20E-01
2016_1163_1292,8.67E-01
2016_1163_1314,1.81E-01
2016_1163_1320,7.86E-01
2016_1163_1323,4.41E-01
2016_1163_1328,1.25E-01
2016_1163_1332,2.41E-01
2016_1163_1333,7.53E-01
2016_1163_1338,7.21E-01
2016_1163_1344,5.58E-01
2016_1163_1345,2.66E-01
2016_1163_1355,8.00E-01
2016_1163_1371,5.41E-01
2016_1163_1372,8.20E-01
2016_1163_1380,8.88E-01
2016_1163_1386,3.25E-01
2016_1163_1392,6.88E-01
2016_1163_1393,5.42E-01
2016_1163_1396,6.85E-01
2016_1163_1400,5.58E-01
2016_1163_1401,3.97E-01
2016_1163_1403,7.17E-01
2016_1163_1409,6.74E-01
2016_1163_1421,9.02E-01
2016_1163_1423,8.24E-01
2016_1163_1425,2.68E-01
2016_1163_1428,5.48E-01
2016_1163_1433,5.66E-01
2016_1163_1435,4.21E-01
2016_1163_1437,1.58E-01
2016_1163_1438,3.09E-01
2016_1163_1451,8.49E-01
2016_1163_1452,3.20E-01
2016_1163_1453,8.54E-01
2016_1163_1455,3.44E-01
2016_1163_1458,6.29E-01
2016_1163_1462,2.18E-01
2016_1163_1463,7.73E-01
2016_1167_1173,2.14E-01
2016_1167_1181,2.04E-01
2016_1167_1192,8.92E-01
2016_1167_1195,8.69E-01
2016_1167_1201,8.00E-01
2016_1167_1211,2.30E-01
2016_1167_1214,8.74E-01
2016_1167_1218,6.45E-01
2016_1167_1221,9.02E-01
2016_1167_1231,2.30E-01
2016_1167_1233,8.40E-01
2016_1167_1234,1.47E-01
2016_1167_1235,1.87E-01
2016_1167_1242,1.11E-01
2016_1167_1246,1.79E-01
2016_1167_1268,1.02E-01
2016_1167_1274,1.24E-01
2016_1167_1276,3.59E-01
2016_1167_1277,1.77E-01
2016_1167_1292,8.05E-01
2016_1167_1314,1.64E-01
2016_1167_1320,7.24E-01
2016_1167_1323,4.25E-01
2016_1167_1328,1.09E-01
2016_1167_1332,1.52E-01
2016_1167_1333,5.23E-01
2016_1167_1338,5.01E-01
2016_1167_1344,3.53E-01
2016_1167_1345,1.86E-01
2016_1167_1355,6.05E-01
2016_1167_1371,3.52E-01
2016_1167_1372,7.42E-01
2016_1167_1380,8.79E-01
2016_1167_1386,1.76E-01
2016_1167_1392,5.06E-01
2016_1167_1393,3.10E-01
2016_1167_1396,5.28E-01
2016_1167_1400,2.50E-01
2016_1167_1401,2.16E-01
2016_1167_1403,3.74E-01
2016_1167_1409,3.86E-01
2016_1167_1421,8.63E-01
2016_1167_1423,6.55E-01
2016_1167_1425,2.09E-01
2016_1167_1428,3.68E-01
2016_1167_1433,4.17E-01
2016_1167_1435,2.88E-01
2016_1167_1437,1.07E-01
2016_1167_1438,2.04E-01
2016_1167_1451,8.15E-01
2016_1167_1452,2.97E-01
2016_1167_1453,7.76E-01
2016_1167_1455,2.41E-01
2016_1167_1458,3.73E-01
2016_1167_1462,1.62E-01
2016_1167_1463,6.47E-01
2016_1173_1181,3.99E-01
2016_1173_1192,8.91E-01
2016_1173_1195,8.82E-01
2016_1173_1201,8.72E-01
2016_1173_1211,6.57E-01
2016_1173_1214,8.75E-01
2016_1173_1218,7.97E-01
2016_1173_1221,9.02E-01
2016_1173_1231,5.93E-01
2016_1173_1233,8.74E-01
2016_1173_1234,3.41E-01
2016_1173_1235,4.08E-01
2016_1173_1242,1.78E-01
2016_1173_1246,3.79E-01
2016_1173_1268,2.37E-01
2016_1173_1274,3.29E-01
2016_1173_1276,6.86E-01
2016_1173_1277,3.81E-01
2016_1173_1292,8.67E-01
2016_1173_1314,3.33E-01
2016_1173_1320,8.44E-01
2016_1173_1323,6.21E-01
2016_1173_1328,1.39E-01
2016_1173_1332,3.20E-01
2016_1173_1333,8.42E-01
2016_1173_1338,7.89E-01
2016_1173_1344,7.72E-01
2016_1173_1345,4.73E-01
2016_1173_1355,8.49E-01
2016_1173_1371,7.15E-01
2016_1173_1372,8.49E-01
2016_1173_1380,8.87E-01
2016_1173_1386,5.31E-01
2016_1173_1392,7.39E-01
2016_1173_1393,6.94E-01
2016_1173_1396,7.80E-01
2016_1173_1400,6.36E-01
2016_1173_1401,5.86E-01
2016_1173_1403,7.69E-01
2016_1173_1409,8.01E-01
2016_1173_1421,8.86E-01
2016_1173_1423,8.34E-01
2016_1173_1425,4.96E-01
2016_1173_1428,7.11E-01
2016_1173_1433,7.52E-01
2016_1173_1435,5.91E-01
2016_1173_1437,1.79E-01
2016_1173_1438,4.18E-01
2016_1173_1451,8.61E-01
2016_1173_1452,4.53E-01
2016_1173_1453,8.68E-01
2016_1173_1455,5.09E-01
2016_1173_1458,7.17E-01
2016_1173_1462,3.37E-01
2016_1173_1463,7.77E-01
2016_1181_1192,9.17E-01
2016_1181_1195,9.16E-01
2016_1181_1201,8.98E-01
2016_1181_1211,6.73E-01
2016_1181_1214,8.86E-01
2016_1181_1218,7.72E-01
2016_1181_1221,9.15E-01
2016_1181_1231,5.92E-01
2016_1181_1233,8.89E-01
2016_1181_1234,4.26E-01
2016_1181_1235,4.35E-01
2016_1181_1242,2.76E-01
2016_1181_1246,4.61E-01
2016_1181_1268,3.14E-01
2016_1181_1274,3.74E-01
2016_1181_1276,6.37E-01
2016_1181_1277,4.09E-01
2016_1181_1292,8.96E-01
2016_1181_1314,4.55E-01
2016_1181_1320,8.43E-01
2016_1181_1323,6.31E-01
2016_1181_1328,2.81E-01
2016_1181_1332,3.97E-01
2016_1181_1333,8.35E-01
2016_1181_1338,7.96E-01
2016_1181_1344,7.08E-01
2016_1181_1345,4.82E-01
2016_1181_1355,8.81E-01
2016_1181_1371,6.60E-01
2016_1181_1372,8.33E-01
2016_1181_1380,9.12E-01
2016_1181_1386,4.73E-01
2016_1181_1392,6.92E-01
2016_1181_1393,6.90E-01
2016_1181_1396,7.80E-01
2016_1181_1400,6.72E-01
2016_1181_1401,6.04E-01
2016_1181_1403,7.77E-01
2016_1181_1409,7.75E-01
2016_1181_1421,9.10E-01
2016_1181_1423,8.54E-01
2016_1181_1425,4.73E-01
2016_1181_1428,6.35E-01
2016_1181_1433,6.55E-01
2016_1181_1435,5.99E-01
2016_1181_1437,2.81E-01
2016_1181_1438,3.79E-01
2016_1181_1451,8.96E-01
2016_1181_1452,4.53E-01
2016_1181_1453,9.00E-01
2016_1181_1455,5.59E-01
2016_1181_1458,7.43E-01
2016_1181_1462,3.27E-01
2016_1181_1463,8.14E-01
2016_1192_1195,1.67E-01
2016_1192_1201,9.39E-02
2016_1192_1211,9.00E-02
2016_1192_1214,2.16E-01
2016_1192_1218,1.08E-01
2016_1192_1221,6.80E-01
2016_1192_1231,8.93E-02
2016_1192_1233,1.16E-01
2016_1192_1234,9.31E-02
2016_1192_1235,9.99E-02
2016_1192_1242,9.13E-02
2016_1192_1246,9.26E-02
2016_1192_1268,9.47E-02
2016_1192_1274,9.81E-02
2016_1192_1276,1.02E-01
2016_1192_1277,8.39E-02
2016_1192_1292,8.98E-02
2016_1192_1314,8.50E-02
2016_1192_1320,1.17E-01
2016_1192_1323,1.17E-01
2016_1192_1328,8.93E-02
2016_1192_1332,1.02E-01
2016_1192_1333,1.04E-01
2016_1192_1338,1.05E-01
2016_1192_1344,9.98E-02
2016_1192_1345,9.19E-02
2016_1192_1355,9.90E-02
2016_1192_1371,1.00E-01
2016_1192_1372,9.39E-02
2016_1192_1380,1.36E-01
2016_1192_1386,8.94E-02
2016_1192_1392,8.80E-02
2016_1192_1393,1.11E-01
2016_1192_1396,9.18E-02
2016_1192_1400,1.08E-01
2016_1192_1401,9.76E-02
2016_1192_1403,1.10E-01
2016_1192_1409,1.09E-01
2016_1192_1421,1.29E-01
2016_1192_1423,9.00E-02
2016_1192_1425,9.10E-02
2016_1192_1428,9.55E-02
2016_1192_1433,8.98E-02
2016_1192_1435,1.09E-01
2016_1192_1437,9.66E-02
2016_1192_1438,1.11E-01
2016_1192_1451,1.10E-01
2016_1192_1452,1.00E-01
2016_1192_1453,1.04E-01
2016_1192_1455,1.02E-01
2016_1192_1458,1.06E-01
2016_1192_1462,8.69E-02
2016_1192_1463,9.30E-02
2016_1195_1201,1.36E-01
2016_1195_1211,1.09E-01
2016_1195_1214,5.23E-01
2016_1195_1218,1.79E-01
2016_1195_1221,7.83E-01
2016_1195_1231,1.14E-01
2016_1195_1233,2.06E-01
2016_1195_1234,1.10E-01
2016_1195_1235,1.18E-01
2016_1195_1242,1.01E-01
2016_1195_1246,1.04E-01
2016_1195_1268,1.12E-01
2016_1195_1274,1.24E-01
2016_1195_1276,1.38E-01
2016_1195_1277,1.02E-01
2016_1195_1292,1.75E-01
2016_1195_1314,9.90E-02
2016_1195_1320,1.84E-01
2016_1195_1323,1.52E-01
2016_1195_1328,9.57E-02
2016_1195_1332,1.20E-01
2016_1195_1333,1.25E-01
2016_1195_1338,1.51E-01
2016_1195_1344,1.35E-01
2016_1195_1345,1.07E-01
2016_1195_1355,1.31E-01
2016_1195_1371,1.33E-01
2016_1195_1372,1.89E-01
2016_1195_1380,4.35E-01
2016_1195_1386,1.06E-01
2016_1195_1392,1.34E-01
2016_1195_1393,1.48E-01
2016_1195_1396,1.36E-01
2016_1195_1400,1.33E-01
2016_1195_1401,1.17E-01
2016_1195_1403,1.42E-01
2016_1195_1409,1.40E-01
2016_1195_1421,3.11E-01
2016_1195_1423,1.41E-01
2016_1195_1425,1.09E-01
2016_1195_1428,1.32E-01
2016_1195_1433,1.21E-01
2016_1195_1435,1.22E-01
2016_1195_1437,1.18E-01
2016_1195_1438,1.38E-01
2016_1195_1451,2.48E-01
2016_1195_1452,1.15E-01
2016_1195_1453,1.28E-01
2016_1195_1455,1.26E-01
2016_1195_1458,1.51E-01
2016_1195_1462,9.89E-02
2016_1195_1463,1.64E-01
2016_1201_1211,1.03E-01
2016_1201_1214,8.59E-01
2016_1201_1218,2.39E-01
2016_1201_1221,8.97E-01
2016_1201_1231,1.03E-01
2016_1201_1233,5.06E-01
2016_1201_1234,1.07E-01
2016_1201_1235,1.13E-01
2016_1201_1242,9.51E-02
2016_1201_1246,1.12E-01
2016_1201_1268,9.19E-02
2016_1201_1274,1.03E-01
2016_1201_1276,1.17E-01
2016_1201_1277,1.03E-01
2016_1201_1292,3.56E-01
2016_1201_1314,1.05E-01
2016_1201_1320,2.13E-01
2016_1201_1323,1.43E-01
2016_1201_1328,9.18E-02
2016_1201_1332,1.08E-01
2016_1201_1333,1.15E-01
2016_1201_1338,1.83E-01
2016_1201_1344,1.06E-01
2016_1201_1345,9.27E-02
2016_1201_1355,1.73E-01
2016_1201_1371,1.35E-01
2016_1201_1372,3.43E-01
2016_1201_1380,8.07E-01
2016_1201_1386,9.26E-02
2016_1201_1392,1.30E-01
2016_1201_1393,1.33E-01
2016_1201_1396,1.22E-01
2016_1201_1400,1.26E-01
2016_1201_1401,1.06E-01
2016_1201_1403,1.33E-01
2016_1201_1409,1.28E-01
2016_1201_1421,6.70E-01
2016_1201_1423,3.12E-01
2016_1201_1425,9.80E-02
2016_1201_1428,1.23E-01
2016_1201_1433,1.44E-01
2016_1201_1435,1.28E-01
2016_1201_1437,9.61E-02
2016_1201_1438,1.34E-01
2016_1201_1451,5.24E-01
2016_1201_1452,1.16E-01
2016_1201_1453,3.35E-01
2016_1201_1455,1.21E-01
2016_1201_1458,1.50E-01
2016_1201_1462,9.77E-02
2016_1201_1463,1.85E-01
2016_1211_1214,8.76E-01
2016_1211_1218,7.32E-01
2016_1211_1221,9.00E-01
2016_1211_1231,5.22E-01
2016_1211_1233,8.86E-01
2016_1211_1234,3.90E-01
2016_1211_1235,3.93E-01
2016_1211_1242,2.17E-01
2016_1211_1246,3.85E-01
2016_1211_1268,2.91E-01
2016_1211_1274,2.96E-01
2016_1211_1276,5.58E-01
2016_1211_1277,3.32E-01
2016_1211_1292,8.64E-01
2016_1211_1314,3.40E-01
2016_1211_1320,7.75E-01
2016_1211_1323,5.99E-01
2016_1211_1328,2.17E-01
2016_1211_1332,3.33E-01
2016_1211_1333,8.22E-01
2016_1211_1338,7.82E-01
2016_1211_1344,5.72E-01
2016_1211_1345,3.80E-01
2016_1211_1355,8.32E-01
2016_1211_1371,5.91E-01
2016_1211_1372,8.01E-01
2016_1211_1380,8.89E-01
2016_1211_1386,3.97E-01
2016_1211_1392,6.76E-01
2016_1211_1393,5.65E-01
2016_1211_1396,6.77E-01
2016_1211_1400,5.26E-01
2016_1211_1401,5.10E-01
2016_1211_1403,7.62E-01
2016_1211_1409,7.30E-01
2016_1211_1421,8.85E-01
2016_1211_1423,8.27E-01
2016_1211_1425,3.97E-01
2016_1211_1428,5.77E-01
2016_1211_1433,6.20E-01
2016_1211_1435,5.19E-01
2016_1211_1437,2.28E-01
2016_1211_1438,3.40E-01
2016_1211_1451,8.45E-01
2016_1211_1452,3.99E-01
2016_1211_1453,8.82E-01
2016_1211_1455,5.02E-01
2016_1211_1458,6.63E-01
2016_1211_1462,2.60E-01
2016_1211_1463,7.64E-01
2016_1214_1218,1.35E-01
2016_1214_1221,8.10E-01
2016_1214_1231,9.90E-02
2016_1214_1233,1.37E-01
2016_1214_1234,1.13E-01
2016_1214_1235,1.09E-01
2016_1214_1242,9.36E-02
2016_1214_1246,1.11E-01
2016_1214_1268,1.02E-01
2016_1214_1274,1.03E-01
2016_1214_1276,1.02E-01
2016_1214_1277,8.90E-02
2016_1214_1292,1.06E-01
2016_1214_1314,9.90E-02
2016_1214_1320,1.36E-01
2016_1214_1323,1.24E-01
2016_1214_1328,9.63E-02
2016_1214_1332,1.13E-01
2016_1214_1333,1.02E-01
2016_1214_1338,1.35E-01
2016_1214_1344,9.93E-02
2016_1214_1345,9.37E-02
2016_1214_1355,1.13E-01
2016_1214_1371,1.13E-01
2016_1214_1372,1.25E-01
2016_1214_1380,2.33E-01
2016_1214_1386,9.35E-02
2016_1214_1392,1.02E-01
2016_1214_1393,1.25E-01
2016_1214_1396,9.24E-02
2016_1214_1400,1.18E-01
2016_1214_1401,1.03E-01
2016_1214_1403,1.23E-01
2016_1214_1409,1.19E-01
2016_1214_1421,1.45E-01
2016_1214_1423,1.20E-01
2016_1214_1425,9.96E-02
2016_1214_1428,1.10E-01
2016_1214_1433,1.03E-01
2016_1214_1435,1.11E-01
2016_1214_1437,9.76E-02
2016_1214_1438,1.16E-01
2016_1214_1451,1.84E-01
2016_1214_1452,1.06E-01
2016_1214_1453,1.11E-01
2016_1214_1455,1.12E-01
2016_1214_1458,1.28E-01
2016_1214_1462,8.55E-02
2016_1214_1463,1.30E-01
2016_1218_1221,9.00E-01
2016_1218_1231,1.81E-01
2016_1218_1233,7.16E-01
2016_1218_1234,1.94E-01
2016_1218_1235,2.02E-01
2016_1218_1242,1.54E-01
2016_1218_1246,2.40E-01
2016_1218_1268,1.61E-01
2016_1218_1274,1.65E-01
2016_1218_1276,2.22E-01
2016_1218_1277,1.47E-01
2016_1218_1292,6.73E-01
2016_1218_1314,2.13E-01
2016_1218_1320,4.86E-01
2016_1218_1323,3.16E-01
2016_1218_1328,1.57E-01
2016_1218_1332,1.88E-01
2016_1218_1333,3.35E-01
2016_1218_1338,3.75E-01
2016_1218_1344,2.42E-01
2016_1218_1345,1.64E-01
2016_1218_1355,5.37E-01
2016_1218_1371,2.94E-01
2016_1218_1372,5.91E-01
2016_1218_1380,8.57E-01
2016_1218_1386,2.14E-01
2016_1218_1392,3.52E-01
2016_1218_1393,2.52E-01
2016_1218_1396,3.10E-01
2016_1218_1400,2.41E-01
2016_1218_1401,2.13E-01
2016_1218_1403,2.65E-01
2016_1218_1409,2.84E-01
2016_1218_1421,7.76E-01
2016_1218_1423,5.49E-01
2016_1218_1425,1.97E-01
2016_1218_1428,2.87E-01
2016_1218_1433,3.40E-01
2016_1218_1435,3.04E-01
2016_1218_1437,1.27E-01
2016_1218_1438,1.68E-01
2016_1218_1451,7.33E-01
2016_1218_1452,2.54E-01
2016_1218_1453,6.20E-01
2016_1218_1455,2.64E-01
2016_1218_1458,2.59E-01
2016_1218_1462,1.74E-01
2016_1218_1463,4.70E-01
2016_1221_1231,8.83E-02
2016_1221_1233,9.39E-02
2016_1221_1234,9.47E-02
2016_1221_1235,9.52E-02
2016_1221_1242,8.51E-02
2016_1221_1246,9.41E-02
2016_1221_1268,8.75E-02
2016_1221_1274,9.02E-02
2016_1221_1276,8.72E-02
2016_1221_1277,8.25E-02
2016_1221_1292,9.45E-02
2016_1221_1314,8.76E-02
2016_1221_1320,1.08E-01
2016_1221_1323,1.05E-01
2016_1221_1328,8.68E-02
2016_1221_1332,9.38E-02
2016_1221_1333,9.29E-02
2016_1221_1338,9.56E-02
2016_1221_1344,8.70E-02
2016_1221_1345,8.88E-02
2016_1221_1355,9.40E-02
2016_1221_1371,9.05E-02
2016_1221_1372,8.84E-02
2016_1221_1380,1.60E-01
2016_1221_1386,8.29E-02
2016_1221_1392,8.72E-02
2016_1221_1393,1.01E-01
2016_1221_1396,8.65E-02
2016_1221_1400,1.01E-01
2016_1221_1401,9.04E-02
2016_1221_1403,9.96E-02
2016_1221_1409,9.99E-02
2016_1221_1421,1.19E-01
2016_1221_1423,8.44E-02
2016_1221_1425,8.84E-02
2016_1221_1428,9.11E-02
2016_1221_1433,8.78E-02
2016_1221_1435,1.02E-01
2016_1221_1437,9.03E-02
2016_1221_1438,1.02E-01
2016_1221_1451,1.19E-01
2016_1221_1452,9.92E-02
2016_1221_1453,9.00E-02
2016_1221_1455,9.38E-02
2016_1221_1458,1.04E-01
2016_1221_1462,8.31E-02
2016_1221_1463,8.92E-02
2016_1231_1233,8.92E-01
2016_1231_1234,3.30E-01
2016_1231_1235,3.28E-01
2016_1231_1242,2.25E-01
2016_1231_1246,3.71E-01
2016_1231_1268,3.17E-01
2016_1231_1274,3.71E-01
2016_1231_1276,6.01E-01
2016_1231_1277,3.63E-01
2016_1231_1292,8.86E-01
2016_1231_1314,3.34E-01
2016_1231_1320,8.32E-01
2016_1231_1323,5.67E-01
2016_1231_1328,2.19E-01
2016_1231_1332,4.05E-01
2016_1231_1333,8.26E-01
2016_1231_1338,7.50E-01
2016_1231_1344,7.12E-01
2016_1231_1345,4.37E-01
2016_1231_1355,8.69E-01
2016_1231_1371,6.66E-01
2016_1231_1372,8.34E-01
2016_1231_1380,9.05E-01
2016_1231_1386,4.02E-01
2016_1231_1392,6.78E-01
2016_1231_1393,5.86E-01
2016_1231_1396,7.48E-01
2016_1231_1400,6.64E-01
2016_1231_1401,5.48E-01
2016_1231_1403,7.20E-01
2016_1231_1409,7.56E-01
2016_1231_1421,9.03E-01
2016_1231_1423,8.28E-01
2016_1231_1425,4.73E-01
2016_1231_1428,6.57E-01
2016_1231_1433,7.07E-01
2016_1231_1435,5.38E-01
2016_1231_1437,2.30E-01
2016_1231_1438,4.10E-01
2016_1231_1451,8.70E-01
2016_1231_1452,4.40E-01
2016_1231_1453,8.94E-01
2016_1231_1455,5.37E-01
2016_1231_1458,7.09E-01
2016_1231_1462,3.30E-01
2016_1231_1463,7.77E-01
2016_1233_1234,1.17E-01
2016_1233_1235,1.20E-01
2016_1233_1242,1.18E-01
2016_1233_1246,1.25E-01
2016_1233_1268,1.33E-01
2016_1233_1274,1.40E-01
2016_1233_1276,1.59E-01
2016_1233_1277,1.06E-01
2016_1233_1292,3.29E-01
2016_1233_1314,1.10E-01
2016_1233_1320,2.81E-01
2016_1233_1323,1.50E-01
2016_1233_1328,1.15E-01
2016_1233_1332,1.37E-01
2016_1233_1333,2.25E-01
2016_1233_1338,2.07E-01
2016_1233_1344,1.86E-01
2016_1233_1345,1.20E-01
2016_1233_1355,2.31E-01
2016_1233_1371,1.61E-01
2016_1233_1372,3.01E-01
2016_1233_1380,7.61E-01
2016_1233_1386,1.58E-01
2016_1233_1392,1.88E-01
2016_1233_1393,1.58E-01
2016_1233_1396,1.88E-01
2016_1233_1400,1.64E-01
2016_1233_1401,1.35E-01
2016_1233_1403,2.07E-01
2016_1233_1409,1.79E-01
2016_1233_1421,5.39E-01
2016_1233_1423,2.59E-01
2016_1233_1425,1.27E-01
2016_1233_1428,1.48E-01
2016_1233_1433,1.41E-01
2016_1233_1435,1.57E-01
2016_1233_1437,1.16E-01
2016_1233_1438,1.40E-01
2016_1233_1451,5.13E-01
2016_1233_1452,1.54E-01
2016_1233_1453,3.26E-01
2016_1233_1455,1.36E-01
2016_1233_1458,1.85E-01
2016_1233_1462,1.41E-01
2016_1233_1463,2.14E-01
2016_1234_1235,5.34E-01
2016_1234_1242,2.72E-01
2016_1234_1246,5.12E-01
2016_1234_1268,4.19E-01
2016_1234_1274,4.88E-01
2016_1234_1276,7.67E-01
2016_1234_1277,5.13E-01
2016_1234_1292,9.04E-01
2016_1234_1314,4.70E-01
2016_1234_1320,8.89E-01
2016_1234_1323,7.32E-01
2016_1234_1328,2.66E-01
2016_1234_1332,5.27E-01
2016_1234_1333,9.03E-01
2016_1234_1338,8.42E-01
2016_1234_1344,8.66E-01
2016_1234_1345,6.52E-01
2016_1234_1355,9.00E-01
2016_1234_1371,8.31E-01
2016_1234_1372,8.70E-01
2016_1234_1380,9.05E-01
2016_1234_1386,6.53E-01
2016_1234_1392,8.39E-01
2016_1234_1393,8.03E-01
2016_1234_1396,8.66E-01
2016_1234_1400,8.14E-01
2016_1234_1401,7.74E-01
2016_1234_1403,8.56E-01
2016_1234_1409,8.82E-01
2016_1234_1421,9.15E-01
2016_1234_1423,8.94E-01
2016_1234_1425,6.85E-01
2016_1234_1428,7.77E-01
2016_1234_1433,8.12E-01
2016_1234_1435,7.45E-01
2016_1234_1437,2.78E-01
2016_1234_1438,4.96E-01
2016_1234_1451,9.00E-01
2016_1234_1452,5.56E-01
2016_1234_1453,9.11E-01
2016_1234_1455,7.28E-01
2016_1234_1458,8.34E-01
2016_1234_1462,3.83E-01
2016_1234_1463,8.70E-01
2016_1235_1242,2.26E-01
2016_1235_1246,3.91E-01
2016_1235_1268,2.98E-01
2016_1235_1274,3.29E-01
2016_1235_1276,5.80E-01
2016_1235_1277,3.32E-01
2016_1235_1292,8.87E-01
2016_1235_1314,3.56E-01
2016_1235_1320,8.03E-01
2016_1235_1323,5.97E-01
2016_1235_1328,2.10E-01
2016_1235_1332,3.83E-01
2016_1235_1333,8.16E-01
2016_1235_1338,7.50E-01
2016_1235_1344,6.94E-01
2016_1235_1345,4.21E-01
2016_1235_1355,8.37E-01
2016_1235_1371,6.77E-01
2016_1235_1372,8.50E-01
2016_1235_1380,9.07E-01
2016_1235_1386,4.36E-01
2016_1235_1392,6.95E-01
2016_1235_1393,6.29E-01
2016_1235_1396,6.82E-01
2016_1235_1400,6.06E-01
2016_1235_1401,5.80E-01
2016_1235_1403,7.05E-01
2016_1235_1409,7.34E-01
2016_1235_1421,9.13E-01
2016_1235_1423,8.61E-01
2016_1235_1425,4.40E-01
2016_1235_1428,6.29E-01
2016_1235_1433,7.12E-01
2016_1235_1435,5.52E-01
2016_1235_1437,2.39E-01
2016_1235_1438,3.69E-01
2016_1235_1451,8.70E-01
2016_1235_1452,4.58E-01
2016_1235_1453,8.90E-01
2016_1235_1455,5.40E-01
2016_1235_1458,6.74E-01
2016_1235_1462,2.75E-01
2016_1235_1463,7.94E-01
2016_1242_1246,6.36E-01
2016_1242_1268,5.94E-01
2016_1242_1274,6.63E-01
2016_1242_1276,8.22E-01
2016_1242_1277,6.07E-01
2016_1242_1292,8.90E-01
2016_1242_1314,5.79E-01
2016_1242_1320,9.10E-01
2016_1242_1323,7.70E-01
2016_1242_1328,3.65E-01
2016_1242_1332,6.58E-01
2016_1242_1333,9.12E-01
2016_1242_1338,8.49E-01
2016_1242_1344,8.85E-01
2016_1242_1345,7.31E-01
2016_1242_1355,8.94E-01
2016_1242_1371,8.68E-01
2016_1242_1372,8.59E-01
2016_1242_1380,9.01E-01
2016_1242_1386,7.70E-01
2016_1242_1392,8.41E-01
2016_1242_1393,7.88E-01
2016_1242_1396,8.88E-01
2016_1242_1400,8.53E-01
2016_1242_1401,8.20E-01
2016_1242_1403,8.89E-01
2016_1242_1409,8.98E-01
2016_1242_1421,9.00E-01
2016_1242_1423,8.81E-01
2016_1242_1425,7.63E-01
2016_1242_1428,8.49E-01
2016_1242_1433,8.46E-01
2016_1242_1435,8.07E-01
2016_1242_1437,4.02E-01
2016_1242_1438,6.40E-01
2016_1242_1451,8.93E-01
2016_1242_1452,6.34E-01
2016_1242_1453,9.08E-01
2016_1242_1455,7.89E-01
2016_1242_1458,8.54E-01
2016_1242_1462,5.12E-01
2016_1242_1463,8.53E-01
2016_1246_1268,3.38E-01
2016_1246_1274,3.98E-01
2016_1246_1276,7.24E-01
2016_1246_1277,4.93E-01
2016_1246_1292,8.85E-01
2016_1246_1314,3.72E-01
2016_1246_1320,7.91E-01
2016_1246_1323,6.91E-01
2016_1246_1328,2.94E-01
2016_1246_1332,4.12E-01
2016_1246_1333,8.54E-01
2016_1246_1338,8.01E-01
2016_1246_1344,7.34E-01
2016_1246_1345,5.50E-01
2016_1246_1355,8.53E-01
2016_1246_1371,6.48E-01
2016_1246_1372,8.52E-01
2016_1246_1380,8.94E-01
2016_1246_1386,5.55E-01
2016_1246_1392,7.74E-01
2016_1246_1393,7.09E-01
2016_1246_1396,8.25E-01
2016_1246_1400,6.88E-01
2016_1246_1401,6.08E-01
2016_1246_1403,7.59E-01
2016_1246_1409,7.38E-01
2016_1246_1421,9.01E-01
2016_1246_1423,8.63E-01
2016_1246_1425,5.17E-01
2016_1246_1428,6.63E-01
2016_1246_1433,6.98E-01
2016_1246_1435,6.12E-01
2016_1246_1437,2.52E-01
2016_1246_1438,4.22E-01
2016_1246_1451,8.59E-01
2016_1246_1452,4.15E-01
2016_1246_1453,8.92E-01
2016_1246_1455,5.30E-01
2016_1246_1458,6.96E-01
2016_1246_1462,3.27E-01
2016_1246_1463,8.34E-01
2016_1268_1274,5.62E-01
2016_1268_1276,7.83E-01
2016_1268_1277,5.65E-01
2016_1268_1292,8.90E-01
2016_1268_1314,4.54E-01
2016_1268_1320,8.81E-01
2016_1268_1323,7.16E-01
2016_1268_1328,2.56E-01
2016_1268_1332,5.36E-01
2016_1268_1333,8.98E-01
2016_1268_1338,8.37E-01
2016_1268_1344,8.56E-01
2016_1268_1345,6.96E-01
2016_1268_1355,8.94E-01
2016_1268_1371,8.34E-01
2016_1268_1372,8.68E-01
2016_1268_1380,9.00E-01
2016_1268_1386,7.27E-01
2016_1268_1392,8.29E-01
2016_1268_1393,7.70E-01
2016_1268_1396,8.67E-01
2016_1268_1400,8.01E-01
2016_1268_1401,7.75E-01
2016_1268_1403,8.60E-01
2016_1268_1409,8.72E-01
2016_1268_1421,8.98E-01
2016_1268_1423,8.77E-01
2016_1268_1425,6.86E-01
2016_1268_1428,8.17E-01
2016_1268_1433,8.43E-01
2016_1268_1435,7.55E-01
2016_1268_1437,2.89E-01
2016_1268_1438,5.92E-01
2016_1268_1451,8.84E-01
2016_1268_1452,5.74E-01
2016_1268_1453,9.01E-01
2016_1268_1455,7.55E-01
2016_1268_1458,8.46E-01
2016_1268_1462,4.61E-01
2016_1268_1463,8.57E-01
2016_1274_1276,7.85E-01
2016_1274_1277,5.38E-01
2016_1274_1292,8.91E-01
2016_1274_1314,4.82E-01
2016_1274_1320,8.98E-01
2016_1274_1323,7.39E-01
2016_1274_1328,2.99E-01
2016_1274_1332,5.21E-01
2016_1274_1333,9.01E-01
2016_1274_1338,8.39E-01
2016_1274_1344,8.50E-01
2016_1274_1345,6.30E-01
2016_1274_1355,8.92E-01
2016_1274_1371,8.01E-01
2016_1274_1372,8.64E-01
2016_1274_1380,9.01E-01
2016_1274_1386,6.47E-01
2016_1274_1392,8.09E-01
2016_1274_1393,7.64E-01
2016_1274_1396,8.66E-01
2016_1274_1400,7.77E-01
2016_1274_1401,7.64E-01
2016_1274_1403,8.76E-01
2016_1274_1409,8.71E-01
2016_1274_1421,8.99E-01
2016_1274_1423,8.64E-01
2016_1274_1425,6.68E-01
2016_1274_1428,7.97E-01
2016_1274_1433,8.00E-01
2016_1274_1435,7.53E-01
2016_1274_1437,3.05E-01
2016_1274_1438,5.43E-01
2016_1274_1451,8.97E-01
2016_1274_1452,6.08E-01
2016_1274_1453,9.04E-01
2016_1274_1455,6.93E-01
2016_1274_1458,8.29E-01
2016_1274_1462,4.24E-01
2016_1274_1463,8.31E-01
2016_1276_1277,3.34E-01
2016_1276_1292,8.48E-01
2016_1276_1314,3.41E-01
2016_1276_1320,8.14E-01
2016_1276_1323,5.63E-01
2016_1276_1328,2.00E-01
2016_1276_1332,3.17E-01
2016_1276_1333,7.62E-01
2016_1276_1338,6.80E-01
2016_1276_1344,5.57E-01
2016_1276_1345,3.82E-01
2016_1276_1355,8.15E-01
2016_1276_1371,5.75E-01
2016_1276_1372,7.53E-01
2016_1276_1380,8.93E-01
2016_1276_1386,2.87E-01
2016_1276_1392,5.78E-01
2016_1276_1393,5.14E-01
2016_1276_1396,5.72E-01
2016_1276_1400,5.20E-01
2016_1276_1401,4.81E-01
2016_1276_1403,6.40E-01
2016_1276_1409,6.50E-01
2016_1276_1421,8.90E-01
2016_1276_1423,7.79E-01
2016_1276_1425,3.62E-01
2016_1276_1428,5.33E-01
2016_1276_1433,6.03E-01
2016_1276_1435,4.13E-01
2016_1276_1437,2.11E-01
2016_1276_1438,3.16E-01
2016_1276_1451,8.72E-01
2016_1276_1452,4.60E-01
2016_1276_1453,8.39E-01
2016_1276_1455,4.33E-01
2016_1276_1458,5.97E-01
2016_1276_1462,3.04E-01
2016_1276_1463,6.92E-01
2016_1277_1292,8.94E-01
2016_1277_1314,5.72E-01
2016_1277_1320,8.66E-01
2016_1277_1323,7.23E-01
2016_1277_1328,3.99E-01
2016_1277_1332,6.39E-01
2016_1277_1333,8.97E-01
2016_1277_1338,8.44E-01
2016_1277_1344,8.85E-01
2016_1277_1345,6.92E-01
2016_1277_1355,8.98E-01
2016_1277_1371,8.29E-01
2016_1277_1372,8.60E-01
2016_1277_1380,9.02E-01
2016_1277_1386,7.58E-01
2016_1277_1392,8.27E-01
2016_1277_1393,7.61E-01
2016_1277_1396,8.59E-01
2016_1277_1400,7.98E-01
2016_1277_1401,8.04E-01
2016_1277_1403,8.58E-01
2016_1277_1409,8.59E-01
2016_1277_1421,9.10E-01
2016_1277_1423,8.84E-01
2016_1277_1425,7.14E-01
2016_1277_1428,7.87E-01
2016_1277_1433,8.16E-01
2016_1277_1435,7.56E-01
2016_1277_1437,4.08E-01
2016_1277_1438,5.58E-01
2016_1277_1451,8.81E-01
2016_1277_1452,6.05E-01
2016_1277_1453,9.08E-01
2016_1277_1455,7.05E-01
2016_1277_1458,8.01E-01
2016_1277_1462,4.80E-01
2016_1277_1463,8.61E-01
2016_1292_1314,1.03E-01
2016_1292_1320,2.58E-01
2016_1292_1323,1.63E-01
2016_1292_1328,9.00E-02
2016_1292_1332,1.03E-01
2016_1292_1333,1.84E-01
2016_1292_1338,1.99E-01
2016_1292_1344,1.31E-01
2016_1292_1345,9.62E-02
2016_1292_1355,1.83E-01
2016_1292_1371,1.33E-01
2016_1292_1372,3.68E-01
2016_1292_1380,8.36E-01
2016_1292_1386,1.06E-01
2016_1292_1392,2.06E-01
2016_1292_1393,1.55E-01
2016_1292_1396,1.95E-01
2016_1292_1400,1.26E-01
2016_1292_1401,1.18E-01
2016_1292_1403,1.71E-01
2016_1292_1409,1.32E-01
2016_1292_1421,6.43E-01
2016_1292_1423,3.16E-01
2016_1292_1425,1.02E-01
2016_1292_1428,1.24E-01
2016_1292_1433,1.41E-01
2016_1292_1435,1.31E-01
2016_1292_1437,9.50E-02
2016_1292_1438,1.24E-01
2016_1292_1451,5.61E-01
2016_1292_1452,1.28E-01
2016_1292_1453,3.05E-01
2016_1292_1455,1.19E-01
2016_1292_1458,1.73E-01
2016_1292_1462,1.04E-01
2016_1292_1463,2.50E-01
2016_1314_1320,8.66E-01
2016_1314_1323,7.43E-01
2016_1314_1328,3.80E-01
2016_1314_1332,5.58E-01
2016_1314_1333,8.96E-01
2016_1314_1338,8.29E-01
2016_1314_1344,8.40E-01
2016_1314_1345,6.76E-01
2016_1314_1355,8.85E-01
2016_1314_1371,7.56E-01
2016_1314_1372,8.63E-01
2016_1314_1380,9.08E-01
2016_1314_1386,6.76E-01
2016_1314_1392,7.79E-01
2016_1314_1393,7.61E-01
2016_1314_1396,8.39E-01
2016_1314_1400,7.84E-01
2016_1314_1401,7.21E-01
2016_1314_1403,8.43E-01
2016_1314_1409,8.28E-01
2016_1314_1421,9.14E-01
2016_1314_1423,8.85E-01
2016_1314_1425,6.89E-01
2016_1314_1428,7.24E-01
2016_1314_1433,7.64E-01
2016_1314_1435,6.79E-01
2016_1314_1437,3.82E-01
2016_1314_1438,5.25E-01
2016_1314_1451,8.91E-01
2016_1314_1452,5.86E-01
2016_1314_1453,9.06E-01
2016_1314_1455,6.74E-01
2016_1314_1458,7.75E-01
2016_1314_1462,4.14E-01
2016_1314_1463,8.56E-01
2016_1320_1323,1.42E-01
2016_1320_1328,1.03E-01
2016_1320_1332,1.12E-01
2016_1320_1333,2.22E-01
2016_1320_1338,2.58E-01
2016_1320_1344,1.62E-01
2016_1320_1345,9.98E-02
2016_1320_1355,2.91E-01
2016_1320_1371,1.70E-01
2016_1320_1372,4.99E-01
2016_1320_1380,8.58E-01
2016_1320_1386,1.44E-01
2016_1320_1392,2.08E-01
2016_1320_1393,1.67E-01
2016_1320_1396,1.97E-01
2016_1320_1400,1.36E-01
2016_1320_1401,1.24E-01
2016_1320_1403,1.91E-01
2016_1320_1409,1.76E-01
2016_1320_1421,7.68E-01
2016_1320_1423,4.45E-01
2016_1320_1425,1.14E-01
2016_1320_1428,1.54E-01
2016_1320_1433,1.70E-01
2016_1320_1435,1.09E-01
2016_1320_1437,1.05E-01
2016_1320_1438,1.27E-01
2016_1320_1451,7.63E-01
2016_1320_1452,1.94E-01
2016_1320_1453,5.20E-01
2016_1320_1455,1.24E-01
2016_1320_1458,1.92E-01
2016_1320_1462,1.48E-01
2016_1320_1463,2.81E-01
2016_1323_1328,2.37E-01
2016_1323_1332,3.52E-01
2016_1323_1333,7.19E-01
2016_1323_1338,7.19E-01
2016_1323_1344,5.94E-01
2016_1323_1345,4.41E-01
2016_1323_1355,7.81E-01
2016_1323_1371,5.98E-01
2016_1323_1372,7.81E-01
2016_1323_1380,9.10E-01
2016_1323_1386,3.91E-01
2016_1323_1392,5.78E-01
2016_1323_1393,5.66E-01
2016_1323_1396,6.26E-01
2016_1323_1400,5.52E-01
2016_1323_1401,5.43E-01
2016_1323_1403,6.67E-01
2016_1323_1409,6.36E-01
2016_1323_1421,9.05E-01
2016_1323_1423,7.72E-01
2016_1323_1425,4.54E-01
2016_1323_1428,5.35E-01
2016_1323_1433,5.56E-01
2016_1323_1435,5.38E-01
2016_1323_1437,2.68E-01
2016_1323_1438,4.21E-01
2016_1323_1451,8.74E-01
2016_1323_1452,5.00E-01
2016_1323_1453,8.80E-01
2016_1323_1455,5.26E-01
2016_1323_1458,6.03E-01
2016_1323_1462,3.46E-01
2016_1323_1463,6.96E-01
2016_1328_1332,6.40E-01
2016_1328_1333,8.99E-01
2016_1328_1338,8.57E-01
2016_1328_1344,8.58E-01
2016_1328_1345,7.42E-01
2016_1328_1355,8.97E-01
2016_1328_1371,8.48E-01
2016_1328_1372,8.73E-01
2016_1328_1380,9.04E-01
2016_1328_1386,7.38E-01
2016_1328_1392,8.45E-01
2016_1328_1393,8.04E-01
2016_1328_1396,8.79E-01
2016_1328_1400,8.20E-01
2016_1328_1401,8.19E-01
2016_1328_1403,8.63E-01
2016_1328_1409,8.79E-01
2016_1328_1421,8.99E-01
2016_1328_1423,8.90E-01
2016_1328_1425,7.35E-01
2016_1328_1428,8.20E-01
2016_1328_1433,8.73E-01
2016_1328_1435,8.08E-01
2016_1328_1437,3.21E-01
2016_1328_1438,6.49E-01
2016_1328_1451,8.89E-01
2016_1328_1452,6.58E-01
2016_1328_1453,9.01E-01
2016_1328_1455,8.24E-01
2016_1328_1458,8.59E-01
2016_1328_1462,4.88E-01
2016_1328_1463,8.67E-01
2016_1332_1333,8.78E-01
2016_1332_1338,7.91E-01
2016_1332_1344,8.05E-01
2016_1332_1345,4.22E-01
2016_1332_1355,8.85E-01
2016_1332_1371,6.81E-01
2016_1332_1372,8.50E-01
2016_1332_1380,9.09E-01
2016_1332_1386,5.35E-01
2016_1332_1392,7.30E-01
2016_1332_1393,7.01E-01
2016_1332_1396,8.48E-01
2016_1332_1400,6.33E-01
2016_1332_1401,5.65E-01
2016_1332_1403,7.97E-01
2016_1332_1409,7.94E-01
2016_1332_1421,9.06E-01
2016_1332_1423,8.58E-01
2016_1332_1425,4.10E-01
2016_1332_1428,6.89E-01
2016_1332_1433,6.97E-01
2016_1332_1435,5.84E-01
2016_1332_1437,2.08E-01
2016_1332_1438,3.40E-01
2016_1332_1451,8.97E-01
2016_1332_1452,5.13E-01
2016_1332_1453,8.95E-01
2016_1332_1455,5.26E-01
2016_1332_1458,7.21E-01
2016_1332_1462,3.69E-01
2016_1332_1463,8.24E-01
2016_1333_1338,4.79E-01
2016_1333_1344,2.98E-01
2016_1333_1345,1.59E-01
2016_1333_1355,5.64E-01
2016_1333_1371,2.60E-01
2016_1333_1372,7.50E-01
2016_1333_1380,8.84E-01
2016_1333_1386,1.98E-01
2016_1333_1392,5.05E-01
2016_1333_1393,2.94E-01
2016_1333_1396,4.76E-01
2016_1333_1400,2.12E-01
2016_1333_1401,1.92E-01
2016_1333_1403,3.59E-01
2016_1333_1409,3.59E-01
2016_1333_1421,8.84E-01
2016_1333_1423,6.99E-01
2016_1333_1425,1.71E-01
2016_1333_1428,3.14E-01
2016_1333_1433,3.67E-01
2016_1333_1435,2.23E-01
2016_1333_1437,1.37E-01
2016_1333_1438,1.83E-01
2016_1333_1451,8.43E-01
2016_1333_1452,2.38E-01
2016_1333_1453,7.52E-01
2016_1333_1455,2.48E-01
2016_1333_1458,3.57E-01
2016_1333_1462,1.62E-01
2016_1333_1463,6.28E-01
2016_1338_1344,5.61E-01
2016_1338_1345,3.81E-01
2016_1338_1355,7.81E-01
2016_1338_1371,5.49E-01
2016_1338_1372,7.48E-01
2016_1338_1380,9.08E-01
2016_1338_1386,4.04E-01
2016_1338_1392,4.88E-01
2016_1338_1393,5.55E-01
2016_1338_1396,5.96E-01
2016_1338_1400,5.04E-01
2016_1338_1401,4.88E-01
2016_1338_1403,6.06E-01
2016_1338_1409,6.21E-01
2016_1338_1421,8.93E-01
2016_1338_1423,7.19E-01
2016_1338_1425,4.00E-01
2016_1338_1428,5.63E-01
2016_1338_1433,5.72E-01
2016_1338_1435,4.59E-01
2016_1338_1437,2.64E-01
2016_1338_1438,3.52E-01
2016_1338_1451,8.61E-01
2016_1338_1452,4.69E-01
2016_1338_1453,8.60E-01
2016_1338_1455,4.62E-01
2016_1338_1458,5.90E-01
2016_1338_1462,3.21E-01
2016_1338_1463,6.33E-01
2016_1344_1345,3.26E-01
2016_1344_1355,8.24E-01
2016_1344_1371,5.15E-01
2016_1344_1372,7.99E-01
2016_1344_1380,9.04E-01
2016_1344_1386,3.32E-01
2016_1344_1392,6.60E-01
2016_1344_1393,5.50E-01
2016_1344_1396,6.60E-01
2016_1344_1400,4.37E-01
2016_1344_1401,3.73E-01
2016_1344_1403,6.18E-01
2016_1344_1409,6.43E-01
2016_1344_1421,9.05E-01
2016_1344_1423,7.79E-01
2016_1344_1425,2.83E-01
2016_1344_1428,5.51E-01
2016_1344_1433,5.78E-01
2016_1344_1435,4.30E-01
2016_1344_1437,1.87E-01
2016_1344_1438,2.81E-01
2016_1344_1451,8.83E-01
2016_1344_1452,3.27E-01
2016_1344_1453,8.81E-01
2016_1344_1455,4.25E-01
2016_1344_1458,5.85E-01
2016_1344_1462,2.36E-01
2016_1344_1463,7.28E-01
2016_1345_1355,8.89E-01
2016_1345_1371,7.89E-01
2016_1345_1372,8.66E-01
2016_1345_1380,9.07E-01
2016_1345_1386,6.38E-01
2016_1345_1392,7.80E-01
2016_1345_1393,6.92E-01
2016_1345_1396,7.87E-01
2016_1345_1400,6.84E-01
2016_1345_1401,7.05E-01
2016_1345_1403,8.12E-01
2016_1345_1409,8.25E-01
2016_1345_1421,9.14E-01
2016_1345_1423,8.73E-01
2016_1345_1425,6.33E-01
2016_1345_1428,7.54E-01
2016_1345_1433,7.78E-01
2016_1345_1435,6.87E-01
2016_1345_1437,3.23E-01
2016_1345_1438,4.59E-01
2016_1345_1451,8.88E-01
2016_1345_1452,5.50E-01
2016_1345_1453,9.12E-01
2016_1345_1455,6.30E-01
2016_1345_1458,7.48E-01
2016_1345_1462,3.61E-01
2016_1345_1463,8.43E-01
2016_1355_1371,2.77E-01
2016_1355_1372,4.92E-01
2016_1355_1380,8.66E-01
2016_1355_1386,1.93E-01
2016_1355_1392,2.72E-01
2016_1355_1393,2.24E-01
2016_1355_1396,2.36E-01
2016_1355_1400,2.01E-01
2016_1355_1401,1.86E-01
2016_1355_1403,2.91E-01
2016_1355_1409,2.98E-01
2016_1355_1421,7.74E-01
2016_1355_1423,4.74E-01
2016_1355_1425,1.70E-01
2016_1355_1428,2.90E-01
2016_1355_1433,3.33E-01
2016_1355_1435,2.02E-01
2016_1355_1437,1.38E-01
2016_1355_1438,1.74E-01
2016_1355_1451,6.91E-01
2016_1355_1452,2.68E-01
2016_1355_1453,5.70E-01
2016_1355_1455,2.18E-01
2016_1355_1458,2.65E-01
2016_1355_1462,1.70E-01
2016_1355_1463,3.66E-01
2016_1371_1372,7.68E-01
2016_1371_1380,9.05E-01
2016_1371_1386,2.35E-01
2016_1371_1392,5.14E-01
2016_1371_1393,3.19E-01
2016_1371_1396,5.18E-01
2016_1371_1400,2.56E-01
2016_1371_1401,1.96E-01
2016_1371_1403,3.88E-01
2016_1371_1409,3.75E-01
2016_1371_1421,8.81E-01
2016_1371_1423,6.94E-01
2016_1371_1425,1.77E-01
2016_1371_1428,3.74E-01
2016_1371_1433,3.27E-01
2016_1371_1435,3.26E-01
2016_1371_1437,1.30E-01
2016_1371_1438,2.02E-01
2016_1371_1451,8.47E-01
2016_1371_1452,2.42E-01
2016_1371_1453,7.53E-01
2016_1371_1455,2.25E-01
2016_1371_1458,3.70E-01
2016_1371_1462,1.59E-01
2016_1371_1463,6.71E-01
2016_1372_1380,8.62E-01
2016_1372_1386,1.62E-01
2016_1372_1392,3.06E-01
2016_1372_1393,1.95E-01
2016_1372_1396,2.63E-01
2016_1372_1400,1.85E-01
2016_1372_1401,1.72E-01
2016_1372_1403,2.37E-01
2016_1372_1409,2.36E-01
2016_1372_1421,7.59E-01
2016_1372_1423,4.45E-01
2016_1372_1425,1.59E-01
2016_1372_1428,1.96E-01
2016_1372_1433,2.40E-01
2016_1372_1435,1.99E-01
2016_1372_1437,1.22E-01
2016_1372_1438,1.53E-01
2016_1372_1451,6.91E-01
2016_1372_1452,2.31E-01
2016_1372_1453,5.01E-01
2016_1372_1455,1.62E-01
2016_1372_1458,2.15E-01
2016_1372_1462,1.50E-01
2016_1372_1463,3.08E-01
2016_1380_1386,8.68E-02
2016_1380_1392,1.04E-01
2016_1380_1393,1.05E-01
2016_1380_1396,9.40E-02
2016_1380_1400,1.10E-01
2016_1380_1401,8.92E-02
2016_1380_1403,1.07E-01
2016_1380_1409,1.08E-01
2016_1380_1421,1.92E-01
2016_1380_1423,1.22E-01
2016_1380_1425,8.65E-02
2016_1380_1428,9.61E-02
2016_1380_1433,1.03E-01
2016_1380_1435,1.03E-01
2016_1380_1437,8.88E-02
2016_1380_1438,1.06E-01
2016_1380_1451,1.70E-01
2016_1380_1452,9.02E-02
2016_1380_1453,1.21E-01
2016_1380_1455,1.05E-01
2016_1380_1458,1.09E-01
2016_1380_1462,8.21E-02
2016_1380_1463,1.01E-01
2016_1386_1392,7.01E-01
2016_1386_1393,6.03E-01
2016_1386_1396,7.00E-01
2016_1386_1400,5.41E-01
2016_1386_1401,5.09E-01
2016_1386_1403,7.13E-01
2016_1386_1409,7.43E-01
2016_1386_1421,8.97E-01
2016_1386_1423,7.92E-01
2016_1386_1425,3.90E-01
2016_1386_1428,6.68E-01
2016_1386_1433,6.67E-01
2016_1386_1435,4.98E-01
2016_1386_1437,2.20E-01
2016_1386_1438,3.29E-01
2016_1386_1451,8.79E-01
2016_1386_1452,4.76E-01
2016_1386_1453,8.85E-01
2016_1386_1455,5.13E-01
2016_1386_1458,6.84E-01
2016_1386_1462,3.10E-01
2016_1386_1463,7.57E-01
2016_1392_1393,4.77E-01
2016_1392_1396,5.94E-01
2016_1392_1400,4.21E-01
2016_1392_1401,3.26E-01
2016_1392_1403,4.87E-01
2016_1392_1409,5.44E-01
2016_1392_1421,8.64E-01
2016_1392_1423,7.17E-01
2016_1392_1425,2.77E-01
2016_1392_1428,4.49E-01
2016_1392_1433,5.04E-01
2016_1392_1435,3.83E-01
2016_1392_1437,1.78E-01
2016_1392_1438,2.78E-01
2016_1392_1451,7.98E-01
2016_1392_1452,3.51E-01
2016_1392_1453,8.10E-01
2016_1392_1455,3.01E-01
2016_1392_1458,4.86E-01
2016_1392_1462,2.22E-01
2016_1392_1463,6.56E-01
2016_1393_1396,7.81E-01
2016_1393_1400,5.73E-01
2016_1393_1401,4.28E-01
2016_1393_1403,7.43E-01
2016_1393_1409,7.02E-01
2016_1393_1421,8.97E-01
2016_1393_1423,8.52E-01
2016_1393_1425,3.19E-01
2016_1393_1428,6.10E-01
2016_1393_1433,6.60E-01
2016_1393_1435,4.76E-01
2016_1393_1437,1.46E-01
2016_1393_1438,3.03E-01
2016_1393_1451,8.74E-01
2016_1393_1452,3.97E-01
2016_1393_1453,8.76E-01
2016_1393_1455,3.82E-01
2016_1393_1458,6.72E-01
2016_1393_1462,2.59E-01
2016_1393_1463,8.16E-01
2016_1396_1400,2.49E-01
2016_1396_1401,1.94E-01
2016_1396_1403,4.17E-01
2016_1396_1409,3.99E-01
2016_1396_1421,8.87E-01
2016_1396_1423,7.62E-01
2016_1396_1425,1.59E-01
2016_1396_1428,3.53E-01
2016_1396_1433,4.54E-01
2016_1396_1435,2.23E-01
2016_1396_1437,1.22E-01
2016_1396_1438,1.98E-01
2016_1396_1451,8.42E-01
2016_1396_1452,2.26E-01
2016_1396_1453,8.35E-01
2016_1396_1455,2.53E-01
2016_1396_1458,3.72E-01
2016_1396_1462,1.73E-01
2016_1396_1463,6.43E-01
2016_1400_1401,3.62E-01
2016_1400_1403,5.74E-01
2016_1400_1409,5.45E-01
2016_1400_1421,8.78E-01
2016_1400_1423,7.87E-01
2016_1400_1425,3.12E-01
2016_1400_1428,5.11E-01
2016_1400_1433,4.97E-01
2016_1400_1435,3.74E-01
2016_1400_1437,1.91E-01
2016_1400_1438,3.18E-01
2016_1400_1451,8.50E-01
2016_1400_1452,3.26E-01
2016_1400_1453,8.27E-01
2016_1400_1455,3.29E-01
2016_1400_1458,5.45E-01
2016_1400_1462,2.69E-01
2016_1400_1463,7.05E-01
2016_1401_1403,7.75E-01
2016_1401_1409,7.51E-01
2016_1401_1421,9.09E-01
2016_1401_1423,8.76E-01
2016_1401_1425,4.28E-01
2016_1401_1428,7.00E-01
2016_1401_1433,7.50E-01
2016_1401_1435,5.91E-01
2016_1401_1437,2.07E-01
2016_1401_1438,3.48E-01
2016_1401_1451,8.73E-01
2016_1401_1452,4.30E-01
2016_1401_1453,9.04E-01
2016_1401_1455,5.37E-01
2016_1401_1458,6.63E-01
2016_1401_1462,2.71E-01
2016_1401_1463,8.34E-01
2016_1403_1409,5.31E-01
2016_1403_1421,8.88E-01
2016_1403_1423,7.46E-01
2016_1403_1425,2.80E-01
2016_1403_1428,4.60E-01
2016_1403_1433,4.59E-01
2016_1403_1435,3.52E-01
2016_1403_1437,1.84E-01
2016_1403_1438,2.63E-01
2016_1403_1451,8.78E-01
2016_1403_1452,3.20E-01
2016_1403_1453,8.43E-01
2016_1403_1455,3.38E-01
2016_1403_1458,4.71E-01
2016_1403_1462,2.06E-01
2016_1403_1463,6.64E-01
2016_1409_1421,8.79E-01
2016_1409_1423,7.08E-01
2016_1409_1425,2.19E-01
2016_1409_1428,3.97E-01
2016_1409_1433,4.40E-01
2016_1409_1435,2.87E-01
2016_1409_1437,1.65E-01
2016_1409_1438,2.16E-01
2016_1409_1451,8.60E-01
2016_1409_1452,2.79E-01
2016_1409_1453,8.14E-01
2016_1409_1455,2.80E-01
2016_1409_1458,4.00E-01
2016_1409_1462,2.06E-01
2016_1409_1463,5.69E-01
2016_1421_1423,1.93E-01
2016_1421_1425,1.17E-01
2016_1421_1428,1.31E-01
2016_1421_1433,1.31E-01
2016_1421_1435,1.40E-01
2016_1421_1437,1.14E-01
2016_1421_1438,1.42E-01
2016_1421_1451,2.98E-01
2016_1421_1452,1.21E-01
2016_1421_1453,2.31E-01
2016_1421_1455,1.29E-01
2016_1421_1458,1.47E-01
2016_1421_1462,1.09E-01
2016_1421_1463,1.55E-01
2016_1423_1425,1.70E-01
2016_1423_1428,2.34E-01
2016_1423_1433,2.80E-01
2016_1423_1435,2.07E-01
2016_1423_1437,1.36E-01
2016_1423_1438,1.64E-01
2016_1423_1451,7.35E-01
2016_1423_1452,2.10E-01
2016_1423_1453,5.58E-01
2016_1423_1455,1.90E-01
2016_1423_1458,2.49E-01
2016_1423_1462,1.56E-01
2016_1423_1463,4.05E-01
2016_1425_1428,6.33E-01
2016_1425_1433,6.47E-01
2016_1425_1435,5.20E-01
2016_1425_1437,2.18E-01
2016_1425_1438,3.11E-01
2016_1425_1451,8.82E-01
2016_1425_1452,4.36E-01
2016_1425_1453,8.97E-01
2016_1425_1455,4.78E-01
2016_1425_1458,6.46E-01
2016_1425_1462,2.88E-01
2016_1425_1463,7.87E-01
2016_1428_1433,4.67E-01
2016_1428_1435,2.82E-01
2016_1428_1437,1.83E-01
2016_1428_1438,2.41E-01
2016_1428_1451,8.48E-01
2016_1428_1452,3.43E-01
2016_1428_1453,8.42E-01
2016_1428_1455,3.18E-01
2016_1428_1458,4.72E-01
2016_1428_1462,2.30E-01
2016_1428_1463,6.42E-01
2016_1433_1435,2.62E-01
2016_1433_1437,1.52E-01
2016_1433_1438,2.18E-01
2016_1433_1451,8.22E-01
2016_1433_1452,2.77E-01
2016_1433_1453,7.69E-01
2016_1433_1455,2.47E-01
2016_1433_1458,3.81E-01
2016_1433_1462,1.87E-01
2016_1433_1463,6.34E-01
2016_1435_1437,2.00E-01
2016_1435_1438,2.88E-01
2016_1435_1451,8.61E-01
2016_1435_1452,3.28E-01
2016_1435_1453,8.29E-01
2016_1435_1455,3.51E-01
2016_1435_1458,5.07E-01
2016_1435_1462,2.41E-01
2016_1435_1463,7.74E-01
2016_1437_1438,7.06E-01
2016_1437_1451,8.83E-01
2016_1437_1452,6.79E-01
2016_1437_1453,9.07E-01
2016_1437_1455,8.37E-01
2016_1437_1458,8.83E-01
2016_1437_1462,5.95E-01
2016_1437_1463,8.73E-01
2016_1438_1451,8.74E-01
2016_1438_1452,4.97E-01
2016_1438_1453,8.99E-01
2016_1438_1455,5.97E-01
2016_1438_1458,7.57E-01
2016_1438_1462,4.06E-01
2016_1438_1463,8.29E-01
2016_1451_1452,1.72E-01
2016_1451_1453,3.62E-01
2016_1451_1455,1.72E-01
2016_1451_1458,2.13E-01
2016_1451_1462,1.39E-01
2016_1451_1463,2.25E-01
2016_1452_1453,8.84E-01
2016_1452_1455,6.34E-01
2016_1452_1458,6.96E-01
2016_1452_1462,3.42E-01
2016_1452_1463,8.15E-01
2016_1453_1455,1.58E-01
2016_1453_1458,1.81E-01
2016_1453_1462,1.45E-01
2016_1453_1463,2.18E-01
2016_1455_1458,5.13E-01
2016_1455_1462,2.87E-01
2016_1455_1463,7.23E-01
2016_1458_1462,2.44E-01
2016_1458_1463,6.31E-01
2016_1462_1463,8.28E-01
